experiment_id,blocking_config,candidate_budget,feature_version,model,weights,threshold,F0.5,precision,recall,singleton_accuracy,candidate_recall,avg_candidates,P95_candidates,runtime,RAM,selected
BLK-01-Baseline,"Baseline (Country/Tok0 only, top-10 cap)",20,N/A,N/A,N/A,N/A,N/A,N/A,N/A,N/A,7.62%,9.9,10,0.10s,0.0MB,YES
BLK-02-NameOnly,"Name-only (Exact, Compact, Sorted, Tok01, Tok0, Pref4)",100,N/A,N/A,N/A,N/A,N/A,N/A,N/A,N/A,53.55%,25.9,44,0.24s,0.0MB,YES
BLK-03-AddrOnly,"Address-only (StreetNum+StreetWord, StreetNum+Postal)",100,N/A,N/A,N/A,N/A,N/A,N/A,N/A,N/A,43.24%,5.7,25,0.08s,0.0MB,NO
BLK-04-MultiKey-Cap50,Multi-Key (Name + Address + Cross-Keys) Budget=50,50,N/A,N/A,N/A,N/A,N/A,N/A,N/A,N/A,74.70%,16.6,33,0.21s,0.0MB,YES
BLK-05-MultiKey-Cap100,Multi-Key (Name + Address + Cross-Keys) Budget=100,100,N/A,N/A,N/A,N/A,N/A,N/A,N/A,N/A,76.38%,21.7,46,0.22s,0.0MB,YES
BLK-06-MultiKey-Cap200,Multi-Key (Name + Address + Cross-Keys) Budget=200,200,N/A,N/A,N/A,N/A,N/A,N/A,N/A,N/A,77.38%,26.1,57,0.26s,0.0MB,YES
BLK-07-MultiKey-Cap300,Multi-Key (Name + Address + Cross-Keys) Budget=300,300,N/A,N/A,N/A,N/A,N/A,N/A,N/A,N/A,78.50%,33.7,76,0.31s,0.0MB,YES
BLK-08-MultiKey-AdaptiveBalanced,"Multi-Key + Balanced Source Floor (Min 25 S2, Min 25 S3) Budget=150",150,N/A,N/A,N/A,N/A,N/A,N/A,N/A,N/A,77.38%,26.1,57,0.26s,0.0MB,NO
MOD-LIG-tau40,Multi-Key Address+Name,150,v2-26dense,LightGBM,1.0,0.40,96.45%,95.87%,99.55%,87.09%,78.50%,33.7,76,3.3s,N/A,NO
MOD-LIG-tau50,Multi-Key Address+Name,150,v2-26dense,LightGBM,1.0,0.50,96.68%,96.28%,99.43%,87.58%,78.50%,33.7,76,3.3s,N/A,NO
MOD-LIG-tau60,Multi-Key Address+Name,150,v2-26dense,LightGBM,1.0,0.60,96.93%,96.65%,99.27%,88.24%,78.50%,33.7,76,3.3s,N/A,NO
MOD-LIG-tau65,Multi-Key Address+Name,150,v2-26dense,LightGBM,1.0,0.65,97.02%,96.86%,99.12%,88.24%,78.50%,33.7,76,3.3s,N/A,NO
MOD-LIG-tau68,Multi-Key Address+Name,150,v2-26dense,LightGBM,1.0,0.68,97.10%,97.01%,99.03%,88.40%,78.50%,33.7,76,3.3s,N/A,NO
MOD-LIG-tau70,Multi-Key Address+Name,150,v2-26dense,LightGBM,1.0,0.70,97.17%,97.16%,98.90%,88.73%,78.50%,33.7,76,3.3s,N/A,NO
MOD-LIG-tau75,Multi-Key Address+Name,150,v2-26dense,LightGBM,1.0,0.75,97.35%,97.41%,98.61%,90.20%,78.50%,33.7,76,3.3s,N/A,NO
MOD-LIG-tau80,Multi-Key Address+Name,150,v2-26dense,LightGBM,1.0,0.80,97.56%,97.75%,98.29%,91.34%,78.50%,33.7,76,3.3s,N/A,NO
MOD-LIG-tau85,Multi-Key Address+Name,150,v2-26dense,LightGBM,1.0,0.85,97.68%,98.14%,97.76%,92.16%,78.50%,33.7,76,3.3s,N/A,NO
MOD-LIG-tau88,Multi-Key Address+Name,150,v2-26dense,LightGBM,1.0,0.88,97.68%,98.32%,97.34%,92.16%,78.50%,33.7,76,3.3s,N/A,NO
MOD-LIG-tau90,Multi-Key Address+Name,150,v2-26dense,LightGBM,1.0,0.90,97.75%,98.60%,96.52%,93.95%,78.50%,33.7,76,3.3s,N/A,NO
MOD-LIG-tau93,Multi-Key Address+Name,150,v2-26dense,LightGBM,1.0,0.93,97.76%,98.88%,95.75%,95.42%,78.50%,33.7,76,3.3s,N/A,NO
MOD-XGB-tau40,Multi-Key Address+Name,150,v2-26dense,XGBoost,1.0,0.40,96.45%,95.87%,99.58%,86.93%,78.50%,33.7,76,4.9s,N/A,NO
MOD-XGB-tau50,Multi-Key Address+Name,150,v2-26dense,XGBoost,1.0,0.50,96.73%,96.34%,99.40%,87.58%,78.50%,33.7,76,4.9s,N/A,NO
MOD-XGB-tau60,Multi-Key Address+Name,150,v2-26dense,XGBoost,1.0,0.60,96.95%,96.71%,99.22%,88.40%,78.50%,33.7,76,4.9s,N/A,NO
MOD-XGB-tau65,Multi-Key Address+Name,150,v2-26dense,XGBoost,1.0,0.65,97.13%,97.00%,99.06%,88.89%,78.50%,33.7,76,4.9s,N/A,NO
MOD-XGB-tau68,Multi-Key Address+Name,150,v2-26dense,XGBoost,1.0,0.68,97.22%,97.14%,98.94%,89.38%,78.50%,33.7,76,4.9s,N/A,NO
MOD-XGB-tau70,Multi-Key Address+Name,150,v2-26dense,XGBoost,1.0,0.70,97.22%,97.21%,98.83%,89.38%,78.50%,33.7,76,4.9s,N/A,NO
MOD-XGB-tau75,Multi-Key Address+Name,150,v2-26dense,XGBoost,1.0,0.75,97.33%,97.49%,98.53%,90.03%,78.50%,33.7,76,4.9s,N/A,NO
MOD-XGB-tau80,Multi-Key Address+Name,150,v2-26dense,XGBoost,1.0,0.80,97.51%,97.81%,98.17%,91.01%,78.50%,33.7,76,4.9s,N/A,NO
MOD-XGB-tau85,Multi-Key Address+Name,150,v2-26dense,XGBoost,1.0,0.85,97.67%,98.19%,97.54%,92.48%,78.50%,33.7,76,4.9s,N/A,NO
MOD-XGB-tau88,Multi-Key Address+Name,150,v2-26dense,XGBoost,1.0,0.88,97.71%,98.43%,97.03%,93.14%,78.50%,33.7,76,4.9s,N/A,NO
MOD-XGB-tau90,Multi-Key Address+Name,150,v2-26dense,XGBoost,1.0,0.90,97.68%,98.59%,96.37%,94.12%,78.50%,33.7,76,4.9s,N/A,NO
MOD-XGB-tau93,Multi-Key Address+Name,150,v2-26dense,XGBoost,1.0,0.93,97.74%,99.01%,95.16%,96.24%,78.50%,33.7,76,4.9s,N/A,NO
MOD-ENS-tau40,Multi-Key Address+Name,150,v2-26dense,Ensemble (0.5 LGB + 0.5 XGB),Equal,0.40,96.41%,95.87%,99.57%,86.76%,78.50%,33.7,76,8.3s,N/A,NO
MOD-ENS-tau50,Multi-Key Address+Name,150,v2-26dense,Ensemble (0.5 LGB + 0.5 XGB),Equal,0.50,96.73%,96.34%,99.42%,87.58%,78.50%,33.7,76,8.3s,N/A,NO
MOD-ENS-tau60,Multi-Key Address+Name,150,v2-26dense,Ensemble (0.5 LGB + 0.5 XGB),Equal,0.60,96.98%,96.74%,99.24%,88.40%,78.50%,33.7,76,8.3s,N/A,NO
MOD-ENS-tau65,Multi-Key Address+Name,150,v2-26dense,Ensemble (0.5 LGB + 0.5 XGB),Equal,0.65,97.08%,96.94%,99.11%,88.40%,78.50%,33.7,76,8.3s,N/A,NO
MOD-ENS-tau68,Multi-Key Address+Name,150,v2-26dense,Ensemble (0.5 LGB + 0.5 XGB),Equal,0.68,97.19%,97.11%,99.00%,89.05%,78.50%,33.7,76,8.3s,N/A,NO
MOD-ENS-tau70,Multi-Key Address+Name,150,v2-26dense,Ensemble (0.5 LGB + 0.5 XGB),Equal,0.70,97.23%,97.20%,98.87%,89.38%,78.50%,33.7,76,8.3s,N/A,NO
MOD-ENS-tau75,Multi-Key Address+Name,150,v2-26dense,Ensemble (0.5 LGB + 0.5 XGB),Equal,0.75,97.40%,97.49%,98.61%,90.36%,78.50%,33.7,76,8.3s,N/A,NO
MOD-ENS-tau80,Multi-Key Address+Name,150,v2-26dense,Ensemble (0.5 LGB + 0.5 XGB),Equal,0.80,97.54%,97.82%,98.24%,91.01%,78.50%,33.7,76,8.3s,N/A,NO
MOD-ENS-tau85,Multi-Key Address+Name,150,v2-26dense,Ensemble (0.5 LGB + 0.5 XGB),Equal,0.85,97.68%,98.21%,97.62%,92.48%,78.50%,33.7,76,8.3s,N/A,NO
MOD-ENS-tau88,Multi-Key Address+Name,150,v2-26dense,Ensemble (0.5 LGB + 0.5 XGB),Equal,0.88,97.74%,98.39%,97.19%,93.14%,78.50%,33.7,76,8.3s,N/A,NO
MOD-ENS-tau90,Multi-Key Address+Name,150,v2-26dense,Ensemble (0.5 LGB + 0.5 XGB),Equal,0.90,97.76%,98.69%,96.30%,94.12%,78.50%,33.7,76,8.3s,N/A,NO
MOD-ENS-tau93,Multi-Key Address+Name,150,v2-26dense,Ensemble (0.5 LGB + 0.5 XGB),Equal,0.93,97.83%,98.99%,95.47%,96.41%,78.50%,33.7,76,8.3s,N/A,NO
